method,train_time_s,pred_time_s,recall,f1,gmean,threshold
RF_cost_sensitive_plus_density(k5_alpha5.0_cw4.0)(tuned),0.7914409000004525,0.08864909999829251,0.7580340264650284,0.6011994002998501,0.8254264155158668,0.23000000000000004
RF_cost_sensitive_cw4.0(tuned),0.826717899999494,0.09131749999869498,0.7277882797731569,0.6128133704735376,0.8156925552494015,0.28
RF_baseline(tuned),0.8090566999999282,0.10417130000132602,0.7098298676748582,0.6093306288032454,0.8071644672359656,0.30000000000000004
